PUCID_productype,PUCID_refined,New.Description,refined,personal_communal,indoor_outdoor,cluster,Prev_hh,Prev_hh_yes,Prev_M,Prev_F,Prev_child,Freq,Freq_CV,HT,HT_CV,AT,Mass,Mass_CV
AC.0100.010,#N/A,#N/A,0,Personal,,0,NA,NA,0.01,0.01,0.2,NA,NA,NA,NA,NA,NA,NA
AC.0100.010,AC.0100.010.050.F,"body paint , body paint spray",1,Personal,I,0,NA,NA,0.5,0.5,0.5,6,1,20,1,0,20,1
AC.0100.010,AC.0100.010.099.F,"body paint , body paint NOC",1,Personal,I,0,NA,NA,0.5,0.5,0.5,6,1,20,1,0,20,1
AC.0200.010,#N/A,#N/A,0,Personal,,0,NA,NA,0.05,0.05,0.6,NA,NA,NA,NA,NA,NA,NA
AC.0200.010,AC.0200.010.099.F,"children's art and toys , bubble solution NOC",1,Personal,O,0,NA,NA,1,1,1,24,0.3,30,1,0,20,1
AC.0200.020,#N/A,#N/A,0,Personal,,0,NA,NA,0.05,0.05,1,NA,NA,NA,NA,NA,NA,NA
AC.0200.020,AC.0200.020.099.F,"children's art and toys , crayons NOC",1,Personal,I,0,NA,NA,1,1,1,364,0,30,1,0,0.1,1
AC.0200.030,#N/A,#N/A,0,Personal,,0,NA,NA,0.01,0.01,0.2,NA,NA,NA,NA,NA,NA,NA
AC.0200.030,AC.0200.030.099.F,"children's art and toys , finger paint NOC",1,Personal,I,0,NA,NA,1,1,1,6,1,20,1,0,10,1
AC.0200.040,#N/A,#N/A,0,Personal,,0,NA,NA,0.01,0.01,0.2,NA,NA,NA,NA,NA,NA,NA
AC.0200.040,AC.0200.040.099.F,"children's art and toys , play dough NOC",1,Personal,I,0,NA,NA,1,1,1,6,1,20,1,0,10,1
AC.0300.010,#N/A,#N/A,0,Personal,,0,NA,NA,0.01,0.01,0.01,NA,NA,NA,NA,NA,NA,NA
AC.0300.010,AC.0300.010.099.F,"fabric treatment and dye , fabric dye NOC",1,Personal,I,0,NA,NA,1,1,1,12,0.3,30,1,0,50,1
AC.0300.020,#N/A,#N/A,0,Personal,,0,NA,NA,0.01,0.05,0.05,NA,NA,NA,NA,NA,NA,NA
AC.0300.020,AC.0300.020.050.F,"fabric treatment and dye , fabric paints and sealers spray",1,Personal,I,0,NA,NA,0.5,0.5,0.5,12,0.3,30,1,0,50,1
AC.0300.020,AC.0300.020.099.F,"fabric treatment and dye , fabric paints and sealers NOC",1,Personal,I,0,NA,NA,0.5,0.5,0.5,12,0.3,30,1,0,50,1
AC.0400.010,#N/A,#N/A,0,Personal,,0,NA,NA,0.01,0.01,0.01,NA,NA,NA,NA,NA,NA,NA
AC.0400.010,AC.0400.010.099.F,"fogger , fogger NOC",1,Personal,I,0,NA,NA,1,1,1,1,1,2,1,0,100,1
AC.0500.010,#N/A,#N/A,0,Personal,,0,NA,NA,0.4,0.4,0.05,NA,NA,NA,NA,NA,NA,NA
AC.0500.010,AC.0500.010.050.F,"general arts and crafts supplies , arts and crafts adhesive spray",1,Personal,I,0,NA,NA,0.5,0.5,0.5,12,0.3,10,1,20,255,1
AC.0500.010,AC.0500.010.099.F,"general arts and crafts supplies , arts and crafts adhesive NOC",1,Personal,I,0,NA,NA,0.5,0.5,0.5,12,0.3,10,1,20,255,1
AC.0500.020,#N/A,#N/A,0,Personal,,0,NA,NA,0.1,0.2,0.3,NA,NA,NA,NA,NA,NA,NA
AC.0500.020,AC.0500.020.099.F,"general arts and crafts supplies , arts and crafts cleaner NOC",1,Personal,I,0,NA,NA,1,1,1,180,0.3,10,1,20,50,1
AC.0500.030,#N/A,#N/A,0,Personal,,0,NA,NA,0.01,0.02,0.02,NA,NA,NA,NA,NA,NA,NA
AC.0500.030,AC.0500.030.050.F,"general arts and crafts supplies , arts and crafts finish spray",1,Personal,I,0,NA,NA,0.5,0.5,0.5,12,0.3,5,1,25,50,1
AC.0500.030,AC.0500.030.099.F,"general arts and crafts supplies , arts and crafts finish NOC",1,Personal,I,0,NA,NA,0.5,0.5,0.5,12,0.3,5,1,25,50,1
AC.0500.040,#N/A,#N/A,0,Personal,,0,NA,NA,0.05,0.2,0.2,NA,NA,NA,NA,NA,NA,NA
AC.0500.040,AC.0500.040.099.F,"general arts and crafts supplies , arts and crafts paint NOC",1,Personal,I,0,NA,NA,1,1,1,24,0.3,30,1,30,20,1
AC.0500.050,#N/A,#N/A,0,Personal,,0,NA,NA,0.05,0.05,1,NA,NA,NA,NA,NA,NA,NA
AC.0500.050,AC.0500.050.099.F,"general arts and crafts supplies , craft kit NOC",1,Personal,I,0,NA,NA,1,1,1,364,0,30,1,0,0.1,1
AC.0500.060,#N/A,#N/A,0,Personal,,0,NA,NA,0.1,0.1,0.01,NA,NA,NA,NA,NA,NA,NA
AC.0500.060,AC.0500.060.050.F,"general arts and crafts supplies , flocking spray",1,Personal,I,0,NA,NA,1,1,1,3,1,10,1,0,140,1
AC.0600.010,#N/A,#N/A,0,Personal,,0,NA,NA,0.1,0.2,0,NA,NA,NA,NA,NA,NA,NA
AC.0600.010,AC.0600.010.099.F,"gun cleaner , gun cleaner NOC",1,Personal,I,0,NA,NA,1,1,1,3,1,30,1,0,50,1
AC.0700.020,#N/A,#N/A,0,Personal,,0,NA,NA,1,1,1,NA,NA,NA,NA,NA,NA,NA
AC.0700.020,AC.0700.020.099.F,"home office , pens and markers NOC",1,Personal,I,0,NA,NA,1,1,1,364,0,30,1,0,0.1,1
AC.0700.030,#N/A,#N/A,0,Personal,,0,NA,NA,0.02,0.02,0,NA,NA,NA,NA,NA,NA,NA
AC.0700.030,AC.0700.030.099.F,"home office , white out NOC",1,Personal,I,0,NA,NA,1,1,1,12,0.3,5,0.3,0,3,1
AC.0800.010,#N/A,#N/A,0,Personal,,0,NA,NA,0.01,0.01,0.01,NA,NA,NA,NA,NA,NA,NA
AC.0800.010,AC.0800.010.099.F,"pottery making , glaze NOC",1,Personal,I,0,NA,NA,1,1,1,12,0.3,30,1,90,100,1
CP.0100.010,#N/A,#N/A,0,Communal,,0,0.52,NA,NA,NA,NA,NA,NA,NA,NA,NA,NA,NA
CP.0100.010,CP.0100.010.051.F,"air freshener , air freshener gel",1,Communal,I,0,NA,0.2,0.2,0.8,0,364,0,1,0.6,0,5,1
CP.0100.010,CP.0100.010.052.F,"air freshener , air freshener liquid",1,Communal,I,0,NA,0.2,0.2,0.8,0,364,0,1,0.6,0,5,1
CP.0100.010,CP.0100.010.054.F,"air freshener , air freshener oil or diffuse",1,Communal,I,0,NA,0.2,0.2,0.8,0,364,0,3,0.6,0,5,1
CP.0100.010,CP.0100.010.099.F,"air freshener , air freshener NOC",1,Communal,I,0,NA,0.2,0.2,0.8,0,364,0,3,0.6,0,5,1
CP.0100.010,CP.0100.010.050.F,"air freshener , air freshener spray",1,Communal,I,0,NA,0.2,0.2,0.8,0,364,0,3,0.6,0,5,1
CP.0200.010,#N/A,#N/A,0,Communal,,0,0.8,NA,NA,NA,NA,NA,NA,NA,NA,NA,NA,NA
CP.0200.010,CP.0200.010.050.F,"bathroom , bathroom cleaner spray",1,Communal,I,0,NA,0.5,0.2,0.8,0,100,0.3,20,0.6,0,50,1
CP.0200.010,CP.0200.010.099.F,"bathroom , bathroom cleaner NOC",1,Communal,I,0,NA,0.5,0.2,0.8,0,100,0.3,20,0.6,0,50,1
CP.0300.010,#N/A,#N/A,0,Communal,,Carpet cleaning,0.52,NA,NA,NA,NA,NA,NA,NA,NA,NA,NA,NA
CP.0300.010,CP.0300.010.050.F,"carpet and floor , carpet cleaner spray",1,Communal,I,Carpet cleaning,NA,0.5,0.2,0.8,0,12,0.3,30,0.6,0,200,1
CP.0300.010,CP.0300.010.099.F,"carpet and floor , carpet cleaner NOC",1,Communal,I,Carpet cleaning,NA,0.5,0.2,0.8,0,12,0.3,30,0.6,0,200,1
CP.0300.020,#N/A,#N/A,0,Communal,,Carpet cleaning,0.2,NA,NA,NA,NA,NA,NA,NA,NA,NA,NA,NA
CP.0300.020,CP.0300.020.099.F,"carpet and floor , carpet deodorizer NOC",1,Communal,I,Carpet cleaning,NA,1,0.2,0.8,0,12,0.3,30,0.6,0,500,1
CP.0300.030,#N/A,#N/A,0,Communal,,Home cleaning,0.69,NA,NA,NA,NA,NA,NA,NA,NA,NA,NA,NA
CP.0300.030,CP.0300.030.099.F,"carpet and floor , floor cleaner NOC",1,Communal,I,Home cleaning,NA,1,0.2,0.8,0,100,0.3,30,0.6,0,600,1
CP.0300.040,#N/A,#N/A,0,Communal,,Home cleaning,0.69,NA,NA,NA,NA,NA,NA,NA,NA,NA,NA,NA
CP.0300.040,CP.0300.040.099.F,"carpet and floor , floor polish NOC",1,Communal,I,Home cleaning,NA,1,0.2,0.8,0,2,1,30,0.6,0,550,1
CP.0400.020,#N/A,#N/A,0,Communal,,Dishwashing,0.4,NA,NA,NA,NA,NA,NA,NA,NA,NA,NA,NA
CP.0400.020,CP.0400.020.099.F,"dishwasher and dishes , automatic dishwashing additive NOC",1,Communal,I,Dishwashing,NA,1,0.2,0.8,0,364,0,3,0.6,0,20,1
CP.0400.030,#N/A,#N/A,0,Communal,,Dishwashing,0.8,NA,NA,NA,NA,NA,NA,NA,NA,NA,NA,NA
CP.0400.030,CP.0400.030.051.F,"dishwasher and dishes , automatic dishwashing detergent gel",1,Communal,I,Dishwashing,NA,0.33,0.2,0.8,0,364,0,3,0.6,0,50,1
CP.0400.030,CP.0400.030.053.F,"dishwasher and dishes , automatic dishwashing detergent powder",1,Communal,I,Dishwashing,NA,0.33,0.2,0.8,0,364,0,3,0.6,0,200,1
CP.0400.030,CP.0400.030.099.F,"dishwasher and dishes , automatic dishwashing detergent NOC",1,Communal,I,Dishwashing,NA,0.34,0.2,0.8,0,364,0,3,0.6,0,200,1
CP.0400.040,#N/A,#N/A,0,Communal,,0,0.9,NA,NA,NA,NA,NA,NA,NA,NA,NA,NA,NA
CP.0400.040,CP.0400.040.099.F,"dishwasher and dishes , dish soap NOC",1,Communal,I,0,NA,1,0.2,0.8,0,462,0,30,0.6,0,100,1
CP.0500.010,#N/A,#N/A,0,Communal,,Home cleaning,0.3,NA,NA,NA,NA,NA,NA,NA,NA,NA,NA,NA
CP.0500.010,CP.0500.010.099.F,"drain , drain NOC",1,Communal,I,Home cleaning,NA,1,0.2,0.8,0,4,1,15,0.6,0,500,1
CP.0600.010,#N/A,#N/A,0,Communal,,0,0.01,NA,NA,NA,NA,NA,NA,NA,NA,NA,NA,NA
CP.0600.010,CP.0600.010.099.F,"fireplace , fireplace NOC",1,Communal,I,0,NA,1,0.2,0.8,0,2,1,30,0.6,0,50,1
CP.0700.010,#N/A,#N/A,0,Communal,,Laundry,0.8,NA,NA,NA,NA,NA,NA,NA,NA,NA,NA,NA
CP.0700.010,CP.0700.010.099.F,"general household cleaning , bleach NOC",1,Communal,I,Laundry,NA,1,0.2,0.8,0,104,0.3,3,0.6,0,50,1
CP.0700.020,#N/A,#N/A,0,Communal,,Home cleaning,0.57,NA,NA,NA,NA,NA,NA,NA,NA,NA,NA,NA
CP.0700.020,CP.0700.020.050.F,"general household cleaning , disinfectant spray",1,Communal,I,Home cleaning,NA,0.5,0.2,0.8,0,364,0,5,0.6,0,23,1
CP.0700.020,CP.0700.020.099.F,"general household cleaning , disinfectant NOC",1,Communal,I,Home cleaning,NA,0.5,0.2,0.8,0,364,0,5,0.6,0,23,1
CP.0700.030,#N/A,#N/A,0,Communal,,Home cleaning,0.88,NA,NA,NA,NA,NA,NA,NA,NA,NA,NA,NA
CP.0700.030,CP.0700.030.050.F,"general household cleaning , glass cleaner spray",1,Communal,I,Home cleaning,NA,0.5,0.2,0.8,0,72,0.3,20,0.6,0,20,1
CP.0700.030,CP.0700.030.099.F,"general household cleaning , glass cleaner NOC",1,Communal,I,Home cleaning,NA,0.5,0.2,0.8,0,72,0.3,20,0.6,0,20,1
CP.0700.040,#N/A,#N/A,0,Communal,,0,1,NA,NA,NA,NA,NA,NA,NA,NA,NA,NA,NA
CP.0700.040,CP.0700.040.050.F,"general household cleaning , surface cleaner spray",1,Communal,I,0,NA,0.5,0.2,0.8,0,364,0,15,0.6,0,20,1
CP.0700.040,CP.0700.040.099.F,"general household cleaning , surface cleaner NOC",1,Communal,I,0,NA,0.5,0.2,0.8,0,364,0,15,0.6,0,20,1
CP.0800.010,#N/A,#N/A,0,Personal,,0,NA,NA,0.3,0.3,0.3,NA,NA,NA,NA,NA,NA,NA
CP.0800.010,CP.0800.010.099.F,"hand cleaner , hand cleaner NOC",1,Personal,I,0,NA,NA,1,1,1,52,0.3,2,0.6,0,20,1
CP.0900.010,#N/A,#N/A,0,Communal,,Home cleaning,0.1,NA,NA,NA,NA,NA,NA,NA,NA,NA,NA,NA
CP.0900.010,CP.0900.010.050.F,"heavy duty cleaner , heavy duty cleaner spray",1,Communal,I,Home cleaning,NA,0.5,0.2,0.8,0,180,0.3,30,0.6,0,50,1
CP.0900.010,CP.0900.010.099.F,"heavy duty cleaner , heavy duty cleaner NOC",1,Communal,I,Home cleaning,NA,0.5,0.2,0.8,0,180,0.3,30,0.6,0,50,1
CP.1000.010,#N/A,#N/A,0,Communal,,0,0.01,NA,NA,NA,NA,NA,NA,NA,NA,NA,NA,NA
CP.1000.010,CP.1000.010.050.F,"houseplant care , houseplant care spray",1,Communal,I,0,NA,0.5,0.2,0.8,0,52,0.3,10,0.6,0,20,1
CP.1000.010,CP.1000.010.099.F,"houseplant care , houseplant care NOC",1,Communal,I,0,NA,0.5,0.2,0.8,0,52,0.3,10,0.6,0,20,1
CP.1100.010,#N/A,#N/A,0,Communal,,0,0.1,NA,NA,NA,NA,NA,NA,NA,NA,NA,NA,NA
CP.1100.010,CP.1100.010.099.F,"lamp oil/lighter fluid , lamp oil/lighter fluid NOC",1,Communal,I,0,NA,1,0.2,0.8,0,12,0.3,5,0.6,5,10,1
CP.1200.010,#N/A,#N/A,0,Communal,,Laundry,0.05,NA,NA,NA,NA,NA,NA,NA,NA,NA,NA,NA
CP.1200.010,CP.1200.010.099.F,"laundry and fabric treatment , dry cleaner NOC",1,Communal,I,Laundry,NA,1,0.2,0.8,0,12,0.3,5,0.6,0,3,1
CP.1200.020,#N/A,#N/A,0,Communal,,Laundry,0.8,NA,NA,NA,NA,NA,NA,NA,NA,NA,NA,NA
CP.1200.020,CP.1200.020.099.F,"laundry and fabric treatment , dryer sheets NOC",1,Communal,I,Laundry,NA,1,0.2,0.8,0,364,0,1,0.6,60,200,1
CP.1200.030,#N/A,#N/A,0,Communal,,Laundry,0.7,NA,NA,NA,NA,NA,NA,NA,NA,NA,NA,NA
CP.1200.030,CP.1200.030.099.F,"laundry and fabric treatment , fabric deodorizer NOC",1,Communal,I,Laundry,NA,1,0.2,0.8,0,104,0.3,15,0.6,0,50,1
CP.1200.040,#N/A,#N/A,0,Communal,,Laundry,0.4,NA,NA,NA,NA,NA,NA,NA,NA,NA,NA,NA
CP.1200.040,CP.1200.040.099.F,"laundry and fabric treatment , fabric protectant NOC",1,Communal,I,Laundry,NA,1,0.2,0.8,0,12,0.3,10,0.6,0,20,1
CP.1200.050,#N/A,#N/A,0,Communal,,Laundry,0.8,NA,NA,NA,NA,NA,NA,NA,NA,NA,NA,NA
CP.1200.050,CP.1200.050.099.F,"laundry and fabric treatment , fabric softener NOC",1,Communal,I,Laundry,NA,1,0.2,0.8,0,104,0.3,5,0.6,0,100,1
CP.1200.060,#N/A,#N/A,0,Communal,,Laundry,0.8,NA,NA,NA,NA,NA,NA,NA,NA,NA,NA,NA
CP.1200.060,CP.1200.060.052.F,"laundry and fabric treatment , laundry detergent liquid",1,Communal,I,Laundry,NA,0.33,0.2,0.8,0,364,0,3,0.6,10,200,1
CP.1200.060,CP.1200.060.053.F,"laundry and fabric treatment , laundry detergent powder",1,Communal,I,Laundry,NA,0.33,0.2,0.8,0,364,0,3,0.6,10,200,1
CP.1200.060,CP.1200.060.099.F,"laundry and fabric treatment , laundry detergent NOC",1,Communal,I,Laundry,NA,0.34,0.2,0.8,0,364,0,3,0.6,10,200,1
CP.1200.070,#N/A,#N/A,0,Communal,,Laundry,0.8,NA,NA,NA,NA,NA,NA,NA,NA,NA,NA,NA
CP.1200.070,CP.1200.070.099.F,"laundry and fabric treatment , laundry fragrance NOC",1,Communal,I,Laundry,NA,1,0.2,0.8,0,128,0.3,3,0.6,10,5,1
CP.1200.080,#N/A,#N/A,0,Communal,,Laundry,0.8,NA,NA,NA,NA,NA,NA,NA,NA,NA,NA,NA
CP.1200.080,CP.1200.080.050.F,"laundry and fabric treatment , laundry stain remover spray",1,Communal,I,Laundry,NA,0.5,0.2,0.8,0,128,0.3,3,0.6,10,5,1
CP.1200.080,CP.1200.080.099.F,"laundry and fabric treatment , laundry stain remover NOC",1,Communal,I,Laundry,NA,0.5,0.2,0.8,0,128,0.3,3,0.6,10,5,1
CP.1200.090,#N/A,#N/A,0,Communal,,0,0.4,NA,NA,NA,NA,NA,NA,NA,NA,NA,NA,NA
CP.1200.090,CP.1200.090.050.F,"laundry and fabric treatment , laundry starch spray",1,Communal,I,0,NA,0.5,0.2,0.8,0,26,0.3,3,0.6,30,4.5,1
CP.1200.090,CP.1200.090.099.F,"laundry and fabric treatment , laundry starch NOC",1,Communal,I,0,NA,0.5,0.2,0.8,0,26,0.3,3,0.6,30,4.5,1
CP.1300.010,#N/A,#N/A,0,Communal,,0,0.3,NA,NA,NA,NA,NA,NA,NA,NA,NA,NA,NA
CP.1300.010,CP.1300.010.099.F,"lime remover , lime remover NOC",1,Communal,I,0,NA,1,0.2,0.8,0,12,0.3,10,0.6,0,50,1
CP.1400.010,#N/A,#N/A,0,Communal,,Home cleaning,0.5,NA,NA,NA,NA,NA,NA,NA,NA,NA,NA,NA
CP.1400.010,CP.1400.010.099.F,"metal specific , metal polish NOC",1,Communal,I,Home cleaning,NA,1,0.2,0.8,0,12,0.3,10,0.6,0,50,1
CP.1500.010,#N/A,#N/A,0,Communal,,Home cleaning,0.38,NA,NA,NA,NA,NA,NA,NA,NA,NA,NA,NA
CP.1500.010,CP.1500.010.050.F,"oven , oven cleaner spray",1,Communal,I,Home cleaning,NA,0.5,0.2,0.8,0,26,0.3,20,0.6,0,30,1
CP.1500.010,CP.1500.010.099.F,"oven , oven cleaner NOC",1,Communal,I,Home cleaning,NA,0.5,0.2,0.8,0,26,0.3,20,0.6,0,30,1
CP.1600.010,#N/A,#N/A,0,Communal,,0,0.12,NA,NA,NA,NA,NA,NA,NA,NA,NA,NA,NA
CP.1600.010,CP.1600.010.099.F,"shoes , shoe polish or protectant NOC",1,Communal,I,0,NA,1,0.2,0.8,0,11,1,10,0.6,0,5,1
CP.1700.010,#N/A,#N/A,0,Communal,,0,0.4,NA,NA,NA,NA,NA,NA,NA,NA,NA,NA,NA
CP.1700.010,CP.1700.010.099.F,"upholstery specific , upholstery cleaner NOC",1,Communal,I,0,NA,1,0.2,0.8,0,12,0.3,20,0.6,0,50,1
CP.1800.010,#N/A,#N/A,0,Communal,,Home cleaning,0.64,NA,NA,NA,NA,NA,NA,NA,NA,NA,NA,NA
CP.1800.010,CP.1800.010.050.F,"wood specific , wood polish spray",1,Communal,I,Home cleaning,NA,0.5,0.2,0.8,0,30,0.3,20,0.6,20,300,1
CP.1800.010,CP.1800.010.099.F,"wood specific , wood polish NOC",1,Communal,I,Home cleaning,NA,0.5,0.2,0.8,0,30,0.3,20,0.6,20,300,1
EL.0300.050,#N/A,#N/A,0,Communal,,0,0.4,NA,NA,NA,NA,NA,NA,NA,NA,NA,NA,NA
EL.0300.050,EL.0300.050.099.F,"computers and accessories/supplies , printer ink NOC",1,Communal,I,0,NA,1,0.2,0.8,0,104,0.3,5,0.3,0,1,1
EL.0300.060,#N/A,#N/A,0,Communal,,0,0.4,NA,NA,NA,NA,NA,NA,NA,NA,NA,NA,NA
EL.0300.060,EL.0300.060.099.F,"computers and accessories/supplies , printer toner NOC",1,Communal,I,0,NA,1,0.2,0.8,0,104,0.3,5,0.3,0,1,1
EL.0400.010,#N/A,#N/A,0,Communal,,0,0.13,NA,NA,NA,NA,NA,NA,NA,NA,NA,NA,NA
EL.0400.010,EL.0400.010.050.F,"electronics cleaner , electronics cleaner spray",1,Communal,I,0,NA,0.5,0.2,0.8,0,13,0.3,10,0.6,0,9,1
EL.0400.010,EL.0400.010.099.F,"electronics cleaner , electronics cleaner NOC",1,Communal,I,0,NA,0.5,0.2,0.8,0,13,0.3,10,0.6,0,9,1
HM.0100.010,#N/A,#N/A,0,Communal,,0,0.24,NA,NA,NA,NA,NA,NA,NA,NA,NA,NA,NA
HM.0100.010,HM.0100.010.050.F,"adhesives and adhesive removers , adhesive remover spray",1,Communal,I,0,NA,0.5,0.2,0.8,0,1,1,60,0.6,0,500,1
HM.0100.010,HM.0100.010.099.F,"adhesives and adhesive removers , adhesive remover NOC",1,Communal,I,0,NA,0.5,0.2,0.8,0,1,1,60,0.6,0,500,1
HM.0100.020,#N/A,#N/A,0,Communal,,0,0.61,NA,NA,NA,NA,NA,NA,NA,NA,NA,NA,NA
HM.0100.020,HM.0100.020.050.F,"adhesives and adhesive removers , multipurpose adhesive spray",1,Communal,I,0,NA,0.5,0.2,0.8,0,52,0.3,20,1,0,10,1
HM.0100.020,HM.0100.020.099.F,"adhesives and adhesive removers , multipurpose adhesive NOC",1,Communal,I,0,NA,0.5,0.2,0.8,0,52,0.3,20,1,0,10,1
HM.0100.030,#N/A,#N/A,0,Communal,,0,0.61,NA,NA,NA,NA,NA,NA,NA,NA,NA,NA,NA
HM.0100.030,HM.0100.030.099.F,"adhesives and adhesive removers , wood adhesive NOC",1,Communal,I,0,NA,1,0.2,0.8,0,0.5,1,60,0.6,0,100,1
HM.0400.010,#N/A,#N/A,0,Communal,,0,0.61,NA,NA,NA,NA,NA,NA,NA,NA,NA,NA,NA
HM.0400.010,HM.0400.010.099.F,"caulk/sealant , caulk/sealant NOC",1,Communal,I,0,NA,1,0.2,0.8,0,3,1,15,1,30,75,1
HM.0500.010,#N/A,#N/A,0,Communal,,0,0.05,NA,NA,NA,NA,NA,NA,NA,NA,NA,NA,NA
HM.0500.010,HM.0500.010.099.F,"concrete , concrete NOC",1,Communal,O,0,NA,1,0.8,0.2,0,1,1,60,0.6,30,8000,1
HM.0600.010,#N/A,#N/A,0,Communal,,0,0.08,NA,NA,NA,NA,NA,NA,NA,NA,NA,NA,NA
HM.0600.010,HM.0600.010.050.F,"corrosion protection , corrosion protection spray",1,Communal,O,0,NA,0.5,0.8,0.2,0,6,1,20,1,0,90,1
HM.0600.010,HM.0600.010.099.F,"corrosion protection , corrosion protection NOC",1,Communal,O,0,NA,0.5,0.8,0.2,0,6,1,20,1,0,90,1
HM.0700.010,#N/A,#N/A,0,Communal,,0,0.28,NA,NA,NA,NA,NA,NA,NA,NA,NA,NA,NA
HM.0700.010,HM.0700.010.099.F,"degreaser , degreaser NOC",1,Communal,I,0,NA,1,0.2,0.8,0,15,0.3,30,1,0,100,1
HM.0800.010,#N/A,#N/A,0,Communal,,0,0.43,NA,NA,NA,NA,NA,NA,NA,NA,NA,NA,NA
HM.0800.010,HM.0800.010.050.F,"finish , finish spray",1,Communal,I,0,NA,0.5,0.2,0.8,0,2,1,60,0.6,0,1000,1
HM.0800.010,HM.0800.010.099.F,"finish , finish NOC",1,Communal,I,0,NA,0.5,0.2,0.8,0,2,1,60,0.6,0,1000,1
HM.1000.010,#N/A,#N/A,0,Communal,,0,0.3,NA,NA,NA,NA,NA,NA,NA,NA,NA,NA,NA
HM.1000.010,HM.1000.010.099.F,"insulation , spray foam NOC",1,Communal,I,0,NA,1,0.2,0.8,0,0.2,1,30,1,0,825,1
HM.1200.010,#N/A,#N/A,0,Communal,,0,0.05,NA,NA,NA,NA,NA,NA,NA,NA,NA,NA,NA
HM.1200.010,HM.1200.010.099.F,"lock deicer , lock deicer NOC",1,Communal,O,0,NA,1,0.8,0.2,0,4,1,5,1,0,20,1
HM.1300.010,#N/A,#N/A,0,Communal,,0,0.4,NA,NA,NA,NA,NA,NA,NA,NA,NA,NA,NA
HM.1300.010,HM.1300.010.050.F,"lubricant , lubricant spray",1,Communal,I,0,NA,0.5,0.2,0.8,0,10,1,10,1,0,30,1
HM.1300.010,HM.1300.010.099.F,"lubricant , lubricant NOC",1,Communal,I,0,NA,0.5,0.2,0.8,0,10,1,10,1,0,30,1
HM.1400.010,#N/A,#N/A,0,Communal,,Painting,0.44,NA,NA,NA,NA,NA,NA,NA,NA,NA,NA,NA
HM.1400.010,HM.1400.010.040.F,"paint/stain and related products , paint exterior",1,Communal,O,Painting,NA,0.25,0.8,0.2,0,2,1,120,0.6,30,3000,1
HM.1400.010,HM.1400.010.041.F,"paint/stain and related products , paint interior",1,Communal,I,Painting,NA,0.25,0.2,0.8,0,2,1,120,0.6,30,1000,1
HM.1400.010,HM.1400.010.050.F,"paint/stain and related products , paint spray",1,Communal,I,Painting,NA,0.25,0.2,0.8,0,4,1,30,1,30,180,1
HM.1400.010,HM.1400.010.099.F,"paint/stain and related products , paint NOC",1,Communal,I,Painting,NA,0.25,0.2,0.8,0,4,1,30,1,30,180,1
HM.1400.020,#N/A,#N/A,0,Communal,,Painting,0.05,NA,NA,NA,NA,NA,NA,NA,NA,NA,NA,NA
HM.1400.020,HM.1400.020.050.F,"paint/stain and related products , paint cleaner spray",1,Communal,I,Painting,NA,0.5,0.2,0.8,0,12,0.3,10,1,0,50,1
HM.1400.020,HM.1400.020.099.F,"paint/stain and related products , paint cleaner NOC",1,Communal,I,Painting,NA,0.5,0.2,0.8,0,12,0.3,10,1,0,50,1
HM.1400.030,#N/A,#N/A,0,Communal,,Painting,0.01,NA,NA,NA,NA,NA,NA,NA,NA,NA,NA,NA
HM.1400.030,HM.1400.030.099.F,"paint/stain and related products , paint texture NOC",1,Communal,I,Painting,NA,1,0.2,0.8,0,0.5,1,120,1,10,200,1
HM.1400.040,#N/A,#N/A,0,Communal,,Painting,0.36,NA,NA,NA,NA,NA,NA,NA,NA,NA,NA,NA
HM.1400.040,HM.1400.040.099.F,"paint/stain and related products , paint thinner NOC",1,Communal,I,Painting,NA,1,0.2,0.8,0,3,1,10,1,0,500,1
HM.1400.050,#N/A,#N/A,0,Communal,,Painting,0.14,NA,NA,NA,NA,NA,NA,NA,NA,NA,NA,NA
HM.1400.050,HM.1400.050.040.F,"paint/stain and related products , primer exterior",1,Communal,O,Painting,NA,0.25,0.8,0.2,0,3.5,1,90,0.6,30,550,1
HM.1400.050,HM.1400.050.041.F,"paint/stain and related products , primer interior",1,Communal,I,Painting,NA,0.25,0.2,0.8,0,3.5,1,90,0.6,30,550,1
HM.1400.050,HM.1400.050.050.F,"paint/stain and related products , primer spray",1,Communal,I,Painting,NA,0.25,0.2,0.8,0,3.5,1,90,0.6,30,250,1
HM.1400.050,HM.1400.050.099.F,"paint/stain and related products , primer NOC",1,Communal,I,Painting,NA,0.25,0.2,0.8,0,3.5,1,90,0.6,30,250,1
HM.1400.060,#N/A,#N/A,0,Communal,,0,0.43,NA,NA,NA,NA,NA,NA,NA,NA,NA,NA,NA
HM.1400.060,HM.1400.060.040.F,"paint/stain and related products , stain exterior",1,Communal,O,0,NA,0.5,0.8,0.2,0,2,1,90,0.6,0,2000,1
HM.1400.060,HM.1400.060.099.F,"paint/stain and related products , stain NOC",1,Communal,O,0,NA,0.5,0.8,0.2,0,2,1,90,0.6,0,2000,1
HM.1400.070,#N/A,#N/A,0,Communal,,Painting,0.3,NA,NA,NA,NA,NA,NA,NA,NA,NA,NA,NA
HM.1400.070,HM.1400.070.050.F,"paint/stain and related products , stripper spray",1,Communal,I,Painting,NA,0.5,0.2,0.8,0,2,1,90,0.6,0,500,1
HM.1400.070,HM.1400.070.099.F,"paint/stain and related products , stripper NOC",1,Communal,I,Painting,NA,0.5,0.2,0.8,0,2,1,90,0.6,0,500,1
HM.1500.010,#N/A,#N/A,0,Communal,,0,0.01,NA,NA,NA,NA,NA,NA,NA,NA,NA,NA,NA
HM.1500.010,HM.1500.010.099.F,"patch and repair , patch and repair NOC",1,Communal,I,0,NA,1,0.2,0.8,0,12,0.3,30,1,0,200,1
HM.1500.020,#N/A,#N/A,0,Communal,,0,0.4,NA,NA,NA,NA,NA,NA,NA,NA,NA,NA,NA
HM.1500.020,HM.1500.020.099.F,"patch and repair , putty or filler NOC",1,Communal,I,0,NA,1,0.2,0.8,0,3,1,30,1,0,100,1
HM.1600.010,#N/A,#N/A,0,Communal,,0,0.01,NA,NA,NA,NA,NA,NA,NA,NA,NA,NA,NA
HM.1600.010,HM.1600.010.099.F,"plumbing , plumbing NOC",1,Communal,I,0,NA,1,0.2,0.8,0,12,0.3,60,0.6,0,50,1
HM.1700.010,#N/A,#N/A,0,Communal,,0,0.01,NA,NA,NA,NA,NA,NA,NA,NA,NA,NA,NA
HM.1700.010,HM.1700.010.099.F,"refrigerant , refrigerant NOC",1,Communal,I,0,NA,1,0.2,0.8,0,1,1,10,1,10,2,1
HM.1800.010,#N/A,#N/A,0,Communal,,0,0.01,NA,NA,NA,NA,NA,NA,NA,NA,NA,NA,NA
HM.1800.010,HM.1800.010.099.F,"roof , roof NOC",1,Communal,O,0,NA,1,0.8,0.2,0,0.05,1,360,0.6,0,5000,1
HM.1900.010,#N/A,#N/A,0,Communal,,0,0.3,NA,NA,NA,NA,NA,NA,NA,NA,NA,NA,NA
HM.1900.010,HM.1900.010.099.F,"septic system , septic system NOC",1,Communal,I,0,NA,1,0.2,0.8,0,4,1,20,1,0,500,1
HM.2000.040,#N/A,#N/A,0,Communal,,0,0.4,NA,NA,NA,NA,NA,NA,NA,NA,NA,NA,NA
HM.2000.040,HM.2000.040.040.F,"surface sealers , surface sealer exterior",1,Communal,O,0,NA,0.33,0.8,0.2,0,0.2,1,60,0.6,30,2250,1
HM.2000.040,HM.2000.040.050.F,"surface sealers , surface sealer spray",1,Communal,I,0,NA,0.33,0.2,0.8,0,1,1,30,1,30,100,1
HM.2000.040,HM.2000.040.099.F,"surface sealers , surface sealer NOC",1,Communal,I,0,NA,0.34,0.2,0.8,0,1,1,30,1,30,100,1
HM.2100.010,#N/A,#N/A,0,Communal,,0,0.05,NA,NA,NA,NA,NA,NA,NA,NA,NA,NA,NA
HM.2100.010,HM.2100.010.099.F,"tiling , grout sealer NOC",1,Communal,O,0,NA,1,0.8,0.2,0,1,1,30,1,0,200,1
HM.2100.020,#N/A,#N/A,0,Communal,,0,0.1,NA,NA,NA,NA,NA,NA,NA,NA,NA,NA,NA
HM.2100.020,HM.2100.020.099.F,"tiling , mortar or grout NOC",1,Communal,O,0,NA,1,0.8,0.2,0,0.2,1,360,0.6,0,15000,1
HM.2400.010,#N/A,#N/A,0,Communal,,0,0.01,NA,NA,NA,NA,NA,NA,NA,NA,NA,NA,NA
HM.2400.010,HM.2400.010.099.F,"welding , welding NOC",1,Communal,OO,0,NA,1,0.8,0.2,0,4,1,60,1,0,20,1
LY.0100.010,#N/A,#N/A,0,Communal,,0,0.1,NA,NA,NA,NA,NA,NA,NA,NA,NA,NA,NA
LY.0100.010,LY.0100.010.040.F,"cleaner , cleaner exterior",1,Communal,I,0,NA,1,0.2,0.8,0,1,1,60,0.6,0,1000,1
LY.0200.010,#N/A,#N/A,0,Communal,,0,0.5,NA,NA,NA,NA,NA,NA,NA,NA,NA,NA,NA
LY.0200.010,LY.0200.010.099.F,"grill/camping fuel , grill/camping fuel NOC",1,Communal,O,0,NA,1,0.8,0.2,0,12,0.3,10,1,50,20,1
LY.0300.010,#N/A,#N/A,0,Communal,,Lawn Product,0.3,NA,NA,NA,NA,NA,NA,NA,NA,NA,NA,NA
LY.0300.010,LY.0300.010.050.F,"herbicide , herbicide spray",1,Communal,O,Lawn Product,NA,0.5,0.8,0.2,0,2,1,5,1,0,10000,1
LY.0300.010,LY.0300.010.099.F,"herbicide , herbicide NOC",1,Communal,O,Lawn Product,NA,0.5,0.8,0.2,0,2,1,5,1,0,10000,1
LY.0400.010,#N/A,#N/A,0,Communal,,Lawn Product,0.3,NA,NA,NA,NA,NA,NA,NA,NA,NA,NA,NA
LY.0400.010,LY.0400.010.099.F,"lawn fertilizer , lawn fertilizer NOC",1,Communal,O,Lawn Product,NA,1,0.8,0.2,0,2,1,30,1,0,5000,1
LY.0500.010,#N/A,#N/A,0,Communal,,Lawn Product,0.05,NA,NA,NA,NA,NA,NA,NA,NA,NA,NA,NA
LY.0500.010,LY.0500.010.099.F,"lawnmower , lawnmower fluids NOC",1,Communal,O,Lawn Product,NA,1,0.8,0.2,0,12,0.3,5,1,40,100,1
LY.0600.010,#N/A,#N/A,0,Communal,,Other Outdoor,0.2,NA,NA,NA,NA,NA,NA,NA,NA,NA,NA,NA
LY.0600.010,LY.0600.010.099.F,"plants and garden , garden care NOC",1,Communal,O,Other Outdoor,NA,1,0.8,0.2,0,12,0.3,30,1,30,100,1
LY.0600.020,#N/A,#N/A,0,Communal,,Other Outdoor,0.4,NA,NA,NA,NA,NA,NA,NA,NA,NA,NA,NA
LY.0600.020,LY.0600.020.099.F,"plants and garden , garden fertilizer NOC",1,Communal,O,Other Outdoor,NA,1,0.8,0.2,0,4,1,30,1,0,10000,1
LY.0600.030,#N/A,#N/A,0,Communal,,Other Outdoor,0.4,NA,NA,NA,NA,NA,NA,NA,NA,NA,NA,NA
LY.0600.030,LY.0600.030.099.F,"plants and garden , mulch NOC",1,Communal,O,Other Outdoor,NA,1,0.8,0.2,0,4,1,30,1,0,10000,1
LY.0600.040,#N/A,#N/A,0,Communal,,Other Outdoor,0.2,NA,NA,NA,NA,NA,NA,NA,NA,NA,NA,NA
LY.0600.040,LY.0600.040.099.F,"plants and garden , potting soil NOC",1,Communal,O,Other Outdoor,NA,1,0.8,0.2,0,12,0.3,30,1,0,250,1
LY.0600.050,#N/A,#N/A,0,Communal,,Other Outdoor,0.01,NA,NA,NA,NA,NA,NA,NA,NA,NA,NA,NA
LY.0600.050,LY.0600.050.099.F,"plants and garden , trees NOC",1,Communal,O,Other Outdoor,NA,1,0.8,0.2,0,4,1,10,1,5,100,1
LY.0700.010,#N/A,#N/A,0,Communal,,Pool,0.05,NA,NA,NA,NA,NA,NA,NA,NA,NA,NA,NA
LY.0700.010,LY.0700.010.030.F,"pool , pool chemicals algaecide",1,Communal,O,Pool,NA,0.2,0.8,0.2,0,28,0.3,5,1,0,500,1
LY.0700.010,LY.0700.010.031.F,"pool , pool chemicals chlorinating",1,Communal,O,Pool,NA,0.2,0.8,0.2,0,28,0.3,5,1,0,500,1
LY.0700.010,LY.0700.010.032.F,"pool , pool chemicals ph control",1,Communal,O,Pool,NA,0.2,0.8,0.2,0,28,0.3,5,1,0,500,1
LY.0700.010,LY.0700.010.033.F,"pool , pool chemicals shock",1,Communal,O,Pool,NA,0.2,0.8,0.2,0,28,0.3,5,1,0,500,1
LY.0700.010,LY.0700.010.099.F,"pool , pool chemicals NOC",1,Communal,O,Pool,NA,0.2,0.8,0.2,0,28,0.3,5,1,0,500,1
LY.0800.010,#N/A,#N/A,0,Communal,,Other Outdoor,0.1,NA,NA,NA,NA,NA,NA,NA,NA,NA,NA,NA
LY.0800.010,LY.0800.010.099.F,"surface deicer , surface deicer NOC",1,Communal,O,Other Outdoor,NA,1,0.8,0.2,0,3,1,20,1,0,1000,1
PC.0100.010,#N/A,#N/A,0,Personal,,0,NA,NA,0.2,0.2,0.1,NA,NA,NA,NA,NA,NA,NA
PC.0100.010,PC.0100.010.050.F,"acne treatment , acne spot treatment spray",1,Personal,I,0,NA,NA,0.5,0.5,0.5,132,0.3,5,0.3,0,1.2,1
PC.0100.010,PC.0100.010.099.F,"acne treatment , acne spot treatment NOC",1,Personal,I,0,NA,NA,0.5,0.5,0.5,132,0.3,5,0.3,0,1.2,1
PC.0100.020,#N/A,#N/A,0,Personal,,0,NA,NA,0.23,0.73,0.1,NA,NA,NA,NA,NA,NA,NA
PC.0100.020,PC.0100.020.099.F,"acne treatment , face scrub NOC",1,Personal,I,0,NA,NA,1,1,1,546,0,5,0.3,0,10,1
PC.0100.030,#N/A,#N/A,0,Personal,,0,NA,NA,0.23,0.73,0.1,NA,NA,NA,NA,NA,NA,NA
PC.0100.030,PC.0100.030.099.F,"acne treatment , face wash NOC",1,Personal,I,0,NA,NA,1,1,1,546,0,3,0.3,0,10,1
PC.0200.010,#N/A,#N/A,0,Personal,,0,NA,NA,0.2,0.05,0.05,NA,NA,NA,NA,NA,NA,NA
PC.0200.010,PC.0200.010.099.F,"bite relief , bite relief NOC",1,Personal,I,0,NA,NA,1,1,1,30,0.3,2,0.3,5,10,1
PC.0300.010,#N/A,#N/A,0,Personal,,0,NA,NA,0.01,0.1,0,NA,NA,NA,NA,NA,NA,NA
PC.0300.010,PC.0300.010.099.F,"body adhesive , body adhesive NOC",1,Personal,I,0,NA,NA,1,1,1,120,0.3,5,0.3,0,0.005,1
PC.0400.010,#N/A,#N/A,0,Personal,,Skin Makeup,NA,NA,0.05,0.65,0,NA,NA,NA,NA,NA,NA,NA
PC.0400.010,PC.0400.010.099.F,"body care set , body care set NOC",1,Personal,I,Skin Makeup,NA,NA,1,1,1,364,0,5,0.3,0,2,1
PC.0500.010,#N/A,#N/A,0,Personal,,0,NA,NA,0.9,0.9,0.9,NA,NA,NA,NA,NA,NA,NA
PC.0500.010,PC.0500.010.099.F,"body hygiene , bar soap NOC",1,Personal,I,0,NA,NA,1,1,1,1095,0,2,0.3,0,2,1
PC.0500.020,#N/A,#N/A,0,Personal,,Bathing,NA,NA,0.8,0.8,0.8,NA,NA,NA,NA,NA,NA,NA
PC.0500.020,PC.0500.020.099.F,"body hygiene , body scrub NOC",1,Personal,I,Bathing,NA,NA,1,1,1,364,0,5,0.3,0,12,1
PC.0500.030,#N/A,#N/A,0,Personal,,Bathing,NA,NA,0.8,0.8,0.8,NA,NA,NA,NA,NA,NA,NA
PC.0500.030,PC.0500.030.099.F,"body hygiene , body wash NOC",1,Personal,I,Bathing,NA,NA,1,1,1,364,0,2,0.3,0,12,1
PC.0500.040,#N/A,#N/A,0,Personal,,Bathing,NA,NA,0.5,0.5,0.94,NA,NA,NA,NA,NA,NA,NA
PC.0500.040,PC.0500.040.099.F,"body hygiene , body wipes NOC",1,Personal,I,Bathing,NA,NA,1,1,1,1095,0,2,0.3,0,2,1
PC.0500.050,#N/A,#N/A,0,Personal,,0,NA,NA,0.24,0.65,0.71,NA,NA,NA,NA,NA,NA,NA
PC.0500.050,PC.0500.050.050.F,"body hygiene , hand sanitizer spray",1,Personal,I,0,NA,NA,0.5,0.5,0.5,546,0,1,0.3,0,5,1
PC.0500.050,PC.0500.050.099.F,"body hygiene , hand sanitizer NOC",1,Personal,I,0,NA,NA,0.5,0.5,0.5,546,0,1,0.3,0,5,1
PC.0500.060,#N/A,#N/A,0,Personal,,0,NA,NA,0.93,0.93,0.83,NA,NA,NA,NA,NA,NA,NA
PC.0500.060,PC.0500.060.099.F,"body hygiene , hand soap NOC",1,Personal,I,0,NA,NA,1,1,1,1800,0,1,0.3,0,1,1
PC.0500.070,#N/A,#N/A,0,Personal,,0,NA,NA,0.5,0.5,0.5,NA,NA,NA,NA,NA,NA,NA
PC.0500.070,PC.0500.070.099.F,"body hygiene , hand wipes NOC",1,Personal,I,0,NA,NA,1,1,1,1095,0,1,0.3,0,2,1
PC.0600.010,#N/A,#N/A,0,Personal,,0,NA,NA,0.3,0.3,0.3,NA,NA,NA,NA,NA,NA,NA
PC.0600.010,PC.0600.010.050.F,"body oil , body oil spray",1,Personal,I,0,NA,NA,0.5,0.5,0.5,50,0.3,5,0.3,0,25,1
PC.0600.010,PC.0600.010.099.F,"body oil , body oil NOC",1,Personal,I,0,NA,NA,0.5,0.5,0.5,50,0.3,5,0.3,0,25,1
PC.0700.010,#N/A,#N/A,0,Personal,,Skin Makeup,NA,NA,0.2,0.5,0.2,NA,NA,NA,NA,NA,NA,NA
PC.0700.010,PC.0700.010.099.F,"body powder , body powder NOC",1,Personal,I,Skin Makeup,NA,NA,1,1,1,65.7,0.3,5,0.3,0,2,1
PC.0800.010,#N/A,#N/A,0,Personal,,Baby Bathing,NA,NA,0.01,0.01,0.4,NA,NA,NA,NA,NA,NA,NA
PC.0800.010,PC.0800.010.001.F,"child specific , baby lotion child",1,Personal,I,Baby Bathing,NA,NA,1,1,1,182,0,3,0.3,0,5,1
PC.0800.020,#N/A,#N/A,0,Personal,,Baby Bathing,NA,NA,0.01,0.01,0.4,NA,NA,NA,NA,NA,NA,NA
PC.0800.020,PC.0800.020.001.F,"child specific , baby oil child",1,Personal,I,Baby Bathing,NA,NA,1,1,1,182,0,3,0.3,0,5,1
PC.0800.030,#N/A,#N/A,0,Personal,,Baby Bathing,NA,NA,0.05,0.05,0.14,NA,NA,NA,NA,NA,NA,NA
PC.0800.030,PC.0800.030.001.F,"child specific , baby powder child",1,Personal,I,Baby Bathing,NA,NA,1,1,1,730,0,3,0.3,0,0.8,1
PC.0800.040,#N/A,#N/A,0,Personal,,Baby Bathing,NA,NA,0.01,0.01,0.7,NA,NA,NA,NA,NA,NA,NA
PC.0800.040,PC.0800.040.001.F,"child specific , baby shampoo child",1,Personal,I,Baby Bathing,NA,NA,1,1,1,52,0.3,3,0.3,0,5,1
PC.0800.050,#N/A,#N/A,0,Personal,,Baby Bathing,NA,NA,0.01,0.01,0.73,NA,NA,NA,NA,NA,NA,NA
PC.0800.050,PC.0800.050.001.F,"child specific , baby wash child",1,Personal,I,Baby Bathing,NA,NA,1,1,1,364,0,3,0.3,0,5,1
PC.0800.060,#N/A,#N/A,0,Communal,,0,0.6,NA,NA,NA,NA,NA,NA,NA,NA,NA,NA,NA
PC.0800.060,PC.0800.060.001.F,"child specific , baby wipes child",1,Communal,I,0,NA,1,0.2,0.8,0,364,0,3,0.3,0,5,1
PC.0800.070,#N/A,#N/A,0,Personal,,Bathing,NA,NA,0.05,0.05,1,NA,NA,NA,NA,NA,NA,NA
PC.0800.070,PC.0800.070.001.F,"child specific , bath paints/crayons child",1,Personal,I,Bathing,NA,NA,1,1,1,120,0.3,20,0.3,0,0.1,1
PC.0800.080,#N/A,#N/A,0,Communal,,0,0.6,NA,NA,NA,NA,NA,NA,NA,NA,NA,NA,NA
PC.0800.080,PC.0800.080.001.F,"child specific , diaper cream child",1,Communal,I,0,NA,1,0.2,0.8,0,730,0,2,0.3,0,3,1
PC.0900.030,#N/A,#N/A,0,Personal,,Dentures,NA,NA,0.1,0.1,0,NA,NA,NA,NA,NA,NA,NA
PC.0900.030,PC.0900.030.099.F,"dental care , denture adhesive NOC",1,Personal,I,Dentures,NA,NA,1,1,1,364,0,3,0.3,0,20,1
PC.0900.040,#N/A,#N/A,0,Personal,,Dentures,NA,NA,0.1,0.1,0,NA,NA,NA,NA,NA,NA,NA
PC.0900.040,PC.0900.040.099.F,"dental care , denture cleaner NOC",1,Personal,I,Dentures,NA,NA,1,1,1,364,0,3,0.3,0,20,1
PC.0900.050,#N/A,#N/A,0,Personal,,Teeth care,NA,NA,0.5,0.5,0.2,NA,NA,NA,NA,NA,NA,NA
PC.0900.050,PC.0900.050.050.F,"dental care , mouthwash spray",1,Personal,I,Teeth care,NA,NA,0.5,0.5,0.5,153.3,0.3,1,0.3,0,20,1
PC.0900.050,PC.0900.050.099.F,"dental care , mouthwash NOC",1,Personal,I,Teeth care,NA,NA,0.5,0.5,0.5,153.3,0.3,1,0.3,0,20,1
PC.0900.060,#N/A,#N/A,0,Personal,,Teeth care,NA,NA,0.2,0.2,0,NA,NA,NA,NA,NA,NA,NA
PC.0900.060,PC.0900.060.099.F,"dental care , teeth whitener NOC",1,Personal,I,Teeth care,NA,NA,1,1,1,12,0.3,30,0.3,0,20,1
PC.0900.070,#N/A,#N/A,0,Personal,,Teeth care,NA,NA,1,1,1,NA,NA,NA,NA,NA,NA,NA
PC.0900.070,PC.0900.070.051.F,"dental care , toothpaste gel",1,Personal,I,Teeth care,NA,NA,0.5,0.5,0.5,720,0,1,0.3,0,1,1
PC.0900.070,PC.0900.070.099.F,"dental care , toothpaste NOC",1,Personal,I,Teeth care,NA,NA,0.5,0.5,0.5,720,0,1,0.3,0,1,1
PC.1000.010,#N/A,#N/A,0,Personal,,0,NA,NA,1,1,0.1,NA,NA,NA,NA,NA,NA,NA
PC.1000.010,PC.1000.010.051.F,"deodorant , deodorant gel",1,Personal,I,0,NA,NA,0.25,0.25,0.25,364,0,2,0.3,0,2,1
PC.1000.010,PC.1000.010.056.F,"deodorant , deodorant solid",1,Personal,I,0,NA,NA,0.25,0.25,0.25,364,0,2,0.3,0,2,1
PC.1000.010,PC.1000.010.099.F,"deodorant , deodorant NOC",1,Personal,I,0,NA,NA,0.25,0.25,0.25,364,0,2,0.3,0,2,1
PC.1000.010,PC.1000.010.050.F,"deodorant , deodorant spray",1,Personal,I,0,NA,NA,0.25,0.25,0.25,364,0,2,0.3,0,2,1
PC.1100.020,#N/A,#N/A,0,Personal,,0,NA,NA,0.4,0.4,0.1,NA,NA,NA,NA,NA,NA,NA
PC.1100.020,PC.1100.020.050.F,"eye care and contacts , contact care spray",1,Personal,I,0,NA,NA,0.5,0.5,0.5,364,0,3,0.3,0,10,1
PC.1100.020,PC.1100.020.099.F,"eye care and contacts , contact care NOC",1,Personal,I,0,NA,NA,0.5,0.5,0.5,364,0,3,0.3,0,10,1
PC.1100.030,#N/A,#N/A,0,Personal,,Skin Makeup,NA,NA,0.05,0.2,0,NA,NA,NA,NA,NA,NA,NA
PC.1100.030,PC.1100.030.099.F,"eye care and contacts , eye cream NOC",1,Personal,I,Skin Makeup,NA,NA,1,1,1,364,0,2,0.3,0,1,1
PC.1100.040,#N/A,#N/A,0,Personal,,0,NA,NA,0.4,0.4,0.1,NA,NA,NA,NA,NA,NA,NA
PC.1100.040,PC.1100.040.099.F,"eye care and contacts , eye drops NOC",1,Personal,I,0,NA,NA,1,1,1,364,0,2,0.3,0,10,1
PC.1100.050,#N/A,#N/A,0,Personal,,Skin Makeup,NA,NA,0.05,0.2,0,NA,NA,NA,NA,NA,NA,NA
PC.1100.050,PC.1100.050.050.F,"eye care and contacts , eye lid spray spray",1,Personal,I,Skin Makeup,NA,NA,1,1,1,364,0,2,0.3,0,0.005,1
PC.1100.060,#N/A,#N/A,0,Personal,,Skin Makeup,NA,NA,0.05,0.2,0,NA,NA,NA,NA,NA,NA,NA
PC.1100.060,PC.1100.060.099.F,"eye care and contacts , eye products NOC",1,Personal,I,Skin Makeup,NA,NA,1,1,1,364,0,3,0.3,0,0.005,1
PC.1200.010,#N/A,#N/A,0,Personal,,0,NA,NA,0.5,0.5,0,NA,NA,NA,NA,NA,NA,NA
PC.1200.010,PC.1200.010.099.F,"facial cleansing and moisturizing , face cleansing wipes NOC",1,Personal,I,0,NA,NA,1,1,1,364,0,3,0.3,0,5,1
PC.1200.020,#N/A,#N/A,0,Personal,,Skin Makeup,NA,NA,0.29,0.81,0.1,NA,NA,NA,NA,NA,NA,NA
PC.1200.020,PC.1200.020.050.F,"facial cleansing and moisturizing , face cream/moisturizer spray",1,Personal,I,Skin Makeup,NA,NA,0.5,0.5,0.5,182,0,3,0.3,0,5,1
PC.1200.020,PC.1200.020.099.F,"facial cleansing and moisturizing , face cream/moisturizer NOC",1,Personal,I,Skin Makeup,NA,NA,0.5,0.5,0.5,182,0,3,0.3,0,5,1
PC.1200.030,#N/A,#N/A,0,Personal,,Skin Makeup,NA,NA,0.5,0.5,0,NA,NA,NA,NA,NA,NA,NA
PC.1200.030,PC.1200.030.099.F,"facial cleansing and moisturizing , face mask NOC",1,Personal,I,Skin Makeup,NA,NA,1,1,1,364,0,5,0.3,0,5,1
PC.1200.040,#N/A,#N/A,0,Personal,,0,NA,NA,0.23,0.73,0.1,NA,NA,NA,NA,NA,NA,NA
PC.1200.040,PC.1200.040.099.F,"facial cleansing and moisturizing , face scrub NOC",1,Personal,I,0,NA,NA,1,1,1,546,0,5,0.3,0,10,1
PC.1200.050,#N/A,#N/A,0,Personal,,,NA,NA,0.29,0.81,0.1,NA,NA,NA,NA,NA,NA,NA
PC.1200.050,PC.1200.050.050.F,"facial cleansing and moisturizing , face wash spray",1,Personal,I,0,NA,NA,0.5,0.5,0.5,546,0,3,0.3,0,10,1
PC.1200.050,PC.1200.050.099.F,"facial cleansing and moisturizing , face wash NOC",1,Personal,I,0,NA,NA,0.5,0.5,0.5,546,0,3,0.3,0,10,1
PC.1500.010,#N/A,#N/A,0,Personal,,0,NA,NA,0.15,0.15,0.05,NA,NA,NA,NA,NA,NA,NA
PC.1500.010,PC.1500.010.050.F,"foot care , foot care spray",1,Personal,I,0,NA,NA,0.5,0.5,0.5,21.9,0.3,2,0.3,0,2,1
PC.1500.010,PC.1500.010.099.F,"foot care , foot care NOC",1,Personal,I,0,NA,NA,0.5,0.5,0.5,21.9,0.3,2,0.3,0,2,1
PC.1600.010,#N/A,#N/A,0,Personal,,0,NA,NA,0.1,0.7,0.1,NA,NA,NA,NA,NA,NA,NA
PC.1600.010,PC.1600.010.050.F,"fragrance , fragrance spray",1,Personal,I,0,NA,NA,0.5,0.5,0.5,109.5,0.3,3,0.3,0,0.5,1
PC.1600.010,PC.1600.010.099.F,"fragrance , fragrance NOC",1,Personal,I,0,NA,NA,0.5,0.5,0.5,109.5,0.3,3,0.3,0,0.5,1
PC.1700.010,#N/A,#N/A,0,Personal,,0,NA,NA,0.79,0.95,0.7,NA,NA,NA,NA,NA,NA,NA
PC.1700.010,PC.1700.010.051.F,"general moisturizing , hand/body lotion gel",1,Personal,I,0,NA,NA,0.25,0.25,0.25,364,0,2,0.3,0,8,1
PC.1700.010,PC.1700.010.057.F,"general moisturizing , hand/body lotion gel|spray",1,Personal,I,0,NA,NA,0.25,0.25,0.25,364,0,2,0.3,0,8,1
PC.1700.010,PC.1700.010.099.F,"general moisturizing , hand/body lotion NOC",1,Personal,I,0,NA,NA,0.25,0.25,0.25,364,0,2,0.3,0,8,1
PC.1700.010,PC.1700.010.050.F,"general moisturizing , hand/body lotion spray",1,Personal,I,0,NA,NA,0.25,0.25,0.25,364,0,2,0.3,0,8,1
PC.1800.010,#N/A,#N/A,0,Personal,,Skin Makeup,NA,NA,0.01,0.5,0.2,NA,NA,NA,NA,NA,NA,NA
PC.1800.010,PC.1800.010.099.F,"glitter , glitter NOC",1,Personal,I,Skin Makeup,NA,NA,1,1,1,364,0,5,0.3,0,0.5,1
PC.1900.010,#N/A,#N/A,0,Personal,,Hair color,NA,NA,0.12,0.63,0,NA,NA,NA,NA,NA,NA,NA
PC.1900.010,PC.1900.010.099.F,"hair coloring , hair bleach NOC",1,Personal,I,Hair color,NA,NA,1,1,1,4,1,30,0.3,0,150,1
PC.1900.020,#N/A,#N/A,0,Personal,,Hair color,NA,NA,0.12,0.63,0,NA,NA,NA,NA,NA,NA,NA
PC.1900.020,PC.1900.020.099.F,"hair coloring, hair color - NOC",1,Personal,I,Hair color,NA,NA,1,1,1,4,1,30,0.3,0,150,1
PC.1900.030,#N/A,#N/A,0,Personal,,Hair color,NA,NA,0.12,0.63,0,NA,NA,NA,NA,NA,NA,NA
PC.1900.030,PC.1900.030.099.F,"hair coloring , hair color - permanent NOC",1,Personal,I,Hair color,NA,NA,1,1,1,4,1,30,0.3,0,150,1
PC.1900.040,#N/A,#N/A,0,Personal,,Hair color,NA,NA,0.12,0.63,0,NA,NA,NA,NA,NA,NA,NA
PC.1900.040,PC.1900.040.099.F,"hair coloring , hair color - professional NOC",1,Personal,I,Hair color,NA,NA,1,1,1,4,1,30,0.3,0,150,1
PC.1900.050,#N/A,#N/A,0,Personal,,Hair color,NA,NA,0.12,0.63,0,NA,NA,NA,NA,NA,NA,NA
PC.1900.050,PC.1900.050.099.F,"hair coloring , hair color - temporary NOC",1,Personal,I,Hair color,NA,NA,0.5,0.5,0.5,4,1,30,0.3,0,150,1
PC.1900.050,PC.1900.050.050.F,"hair coloring , hair color - temporary spray",1,Personal,I,Hair color,NA,NA,0.5,0.5,0.5,4,1,30,0.3,0,150,1
PC.1900.060,#N/A,#N/A,0,Personal,,Hair color,NA,NA,0.12,0.63,0,NA,NA,NA,NA,NA,NA,NA
PC.1900.060,PC.1900.060.099.F,"hair coloring , hair color activator NOC",1,Personal,I,Hair color,NA,NA,1,1,1,300,0,10,0.3,0,12,1
PC.1900.070,#N/A,#N/A,0,Personal,,Hair color,NA,NA,0.12,0.63,0,NA,NA,NA,NA,NA,NA,NA
PC.1900.070,PC.1900.070.099.F,"hair coloring , hair color developer NOC",1,Personal,I,Hair color,NA,NA,1,1,1,300,0,10,0.3,0,12,1
PC.1900.080,#N/A,#N/A,0,Personal,,Hair color,NA,NA,0.12,0.63,0,NA,NA,NA,NA,NA,NA,NA
PC.1900.080,PC.1900.080.099.F,"hair coloring , hair color toner NOC",1,Personal,I,Hair color,NA,NA,1,1,1,300,0,10,0.3,0,12,1
PC.2000.070,#N/A,#N/A,0,Personal,,0,NA,NA,0.05,0.4,0,NA,NA,NA,NA,NA,NA,NA
PC.2000.070,PC.2000.070.050.F,"hair styling and care , dry shampoo spray",1,Personal,I,0,NA,NA,0.5,0.5,0.5,300,0,10,0.3,0,12,1
PC.2000.070,PC.2000.070.099.F,"hair styling and care , dry shampoo NOC",1,Personal,I,0,NA,NA,0.5,0.5,0.5,300,0,10,0.3,0,12,1
PC.2000.080,#N/A,#N/A,0,Personal,,Hair treatment,NA,NA,0.5,0.5,0.2,NA,NA,NA,NA,NA,NA,NA
PC.2000.080,PC.2000.080.099.F,"hair styling and care , ethnic hair care NOC",1,Personal,I,Hair treatment,NA,NA,1,1,1,300,0,10,0.3,0,12,1
PC.2000.090,#N/A,#N/A,0,Personal,,Hair treatment,NA,NA,0.56,0.92,0.6,NA,NA,NA,NA,NA,NA,NA
PC.2000.090,PC.2000.090.050.F,"hair styling and care , hair conditioner spray",1,Personal,I,Hair treatment,NA,NA,0.5,0.5,0.5,255.5,0,4,0.3,0,15,1
PC.2000.100,#N/A,#N/A,0,Personal,,Hair treatment,NA,NA,0.56,0.92,0.6,NA,NA,NA,NA,NA,NA,NA
PC.2000.100,PC.2000.100.099.F,"hair styling and care , hair conditioner - leave-in NOC",1,Personal,I,Hair treatment,NA,NA,0.5,0.5,0.5,255.5,0,4,0.3,0,15,1
PC.2000.100,PC.2000.100.050.F,"hair styling and care , hair conditioner - leave-in spray",1,Personal,I,Hair treatment,NA,NA,0.5,0.5,0.5,255.5,0,4,0.3,0,15,1
PC.2000.110,#N/A,#N/A,0,Personal,,Hair treatment,NA,NA,0.05,0.2,0,NA,NA,NA,NA,NA,NA,NA
PC.2000.110,PC.2000.110.050.F,"hair styling and care , hair conditioning treatment spray",1,Personal,I,Hair treatment,NA,NA,0.5,0.5,0.5,12,0.3,5,0.3,0,5,1
PC.2000.110,PC.2000.110.099.F,"hair styling and care , hair conditioning treatment NOC",1,Personal,I,Hair treatment,NA,NA,0.5,0.5,0.5,12,0.3,5,0.3,0,5,1
PC.2000.120,#N/A,#N/A,0,Personal,,Hair treatment,NA,NA,0.05,0.2,0,NA,NA,NA,NA,NA,NA,NA
PC.2000.120,PC.2000.120.099.F,"hair styling and care , hair conditioning treatment - professional NOC",1,Personal,I,Hair treatment,NA,NA,1,1,1,12,0.3,5,0.3,0,5,1
PC.2000.130,#N/A,#N/A,0,Personal,,Hair treatment,NA,NA,0.01,0.18,0.01,NA,NA,NA,NA,NA,NA,NA
PC.2000.130,PC.2000.130.099.F,"hair styling and care , hair relaxer NOC",1,Personal,I,Hair treatment,NA,NA,1,1,1,3,1,5,0.3,0,100,1
PC.2000.140,#N/A,#N/A,0,Personal,,Hair treatment,NA,NA,0.29,0.7,0.1,NA,NA,NA,NA,NA,NA,NA
PC.2000.140,PC.2000.140.099.F,"hair styling and care , hair spray NOC",1,Personal,I,Hair treatment,NA,NA,1,1,1,182,0,5,0.3,0,5,1
PC.2000.150,#N/A,#N/A,0,Personal,,Hair treatment,NA,NA,0.39,0.63,0.2,NA,NA,NA,NA,NA,NA,NA
PC.2000.150,PC.2000.150.053.F,"hair styling and care , hair styling powder",1,Personal,I,Hair treatment,NA,NA,0.33,0.33,0.33,364,0,5,0.3,0,5,1
PC.2000.150,PC.2000.150.050.F,"hair styling and care , hair styling spray",1,Personal,I,Hair treatment,NA,NA,0.33,0.33,0.33,364,0,5,0.3,0,5,1
PC.2000.160,#N/A,#N/A,0,Personal,,Hair treatment,NA,NA,0.39,0.63,0.2,NA,NA,NA,NA,NA,NA,NA
PC.2000.160,PC.2000.160.051.F,"hair styling and care , hair styling - gel gel",1,Personal,I,Hair treatment,NA,NA,0.5,0.5,0.5,364,0,5,0.3,0,5,1
PC.2000.160,PC.2000.160.057.F,"hair styling and care , hair styling - gel gel|spray",1,Personal,I,Hair treatment,NA,NA,0.5,0.5,0.5,364,0,5,0.3,0,5,1
PC.2000.170,#N/A,#N/A,0,Personal,,Hair treatment,NA,NA,0.39,0.63,0.2,NA,NA,NA,NA,NA,NA,NA
PC.2000.170,PC.2000.170.058.F,"hair styling and care , hair styling - mousse mousse",1,Personal,I,Hair treatment,NA,NA,0.5,0.5,0.5,364,0,5,0.3,0,5,1
PC.2000.170,PC.2000.170.059.F,"hair styling and care , hair styling - mousse mousse|spray",1,Personal,I,Hair treatment,NA,NA,0.5,0.5,0.5,364,0,5,0.3,0,5,1
PC.2000.180,#N/A,#N/A,0,Personal,,0,NA,NA,0.01,0.01,0.05,NA,NA,NA,NA,NA,NA,NA
PC.2000.180,PC.2000.180.099.F,"hair styling and care , lice shampoo NOC",1,Personal,I,0,NA,NA,1,1,1,19.2,0.3,10,0.3,0,10,1
PC.2000.190,#N/A,#N/A,0,Personal,,0,NA,NA,0.2,0.1,0,NA,NA,NA,NA,NA,NA,NA
PC.2000.190,PC.2000.190.050.F,"hair styling and care , scalp treatment spray",1,Personal,I,0,NA,NA,0.5,0.5,0.5,52,0.3,10,0.3,0,10,1
PC.2000.190,PC.2000.190.099.F,"hair styling and care , scalp treatment NOC",1,Personal,I,0,NA,NA,0.5,0.5,0.5,52,0.3,10,0.3,0,10,1
PC.2000.200,#N/A,#N/A,0,Personal,,Bathing,NA,NA,1,1,1,NA,NA,NA,NA,NA,NA,NA
PC.2000.200,PC.2000.200.099.F,"hair styling and care , shampoo - dandruff NOC",1,Personal,I,Bathing,NA,NA,1,1,1,300,0,3,0.3,0,12,1
PC.2000.210,#N/A,#N/A,0,Personal,,Bathing,NA,NA,1,1,1,NA,NA,NA,NA,NA,NA,NA
PC.2000.210,PC.2000.210.099.F,"hair styling and care , shampoo NOC",1,Personal,I,Bathing,NA,NA,1,1,1,300,0,3,0.3,0,12,1
PC.2200.010,#N/A,#N/A,0,Personal,,0,NA,NA,0.2,0.05,0.05,NA,NA,NA,NA,NA,NA,NA
PC.2200.010,PC.2200.010.099.F,"liniment , liniment NOC",1,Personal,I,0,NA,NA,1,1,1,30,0.3,2,0.3,0,10,1
PC.2300.010,#N/A,#N/A,0,Personal,,Skin Makeup,NA,NA,0.05,0.65,0,NA,NA,NA,NA,NA,NA,NA
PC.2300.010,PC.2300.010.099.F,"make-up and related , blush/bronzer NOC",1,Personal,I,Skin Makeup,NA,NA,1,1,1,364,0,5,0.3,0,2,1
PC.2300.020,#N/A,#N/A,0,Communal,,0,0.03,NA,NA,NA,NA,NA,NA,NA,NA,NA,NA,NA
PC.2300.020,PC.2300.020.099.F,"make-up and related , cosmetic tool cleaner NOC",1,Communal,I,0,NA,1,0.2,0.8,0,12,0.3,10,0.3,0,30,1
PC.2300.030,#N/A,#N/A,0,Personal,,Skin Makeup,NA,NA,0.01,0.79,0.02,NA,NA,NA,NA,NA,NA,NA
PC.2300.030,PC.2300.030.052.F,"make-up and related , eye liner liquid",1,Personal,I,Skin Makeup,NA,NA,0.5,0.5,0.5,364,0,2,0.3,0,0.005,1
PC.2300.030,PC.2300.030.099.F,"make-up and related , eye liner NOC",1,Personal,I,Skin Makeup,NA,NA,0.5,0.5,0.5,364,0,2,0.3,0,0.005,1
PC.2300.040,#N/A,#N/A,0,Personal,,Skin Makeup,NA,NA,0.01,0.79,0.02,NA,NA,NA,NA,NA,NA,NA
PC.2300.040,PC.2300.040.099.F,"make-up and related , eye makeup NOC",1,Personal,I,Skin Makeup,NA,NA,1,1,1,364,0,3,0.3,0,0.005,1
PC.2300.050,#N/A,#N/A,0,Personal,,Skin Makeup,NA,NA,0.01,0.79,0.02,NA,NA,NA,NA,NA,NA,NA
PC.2300.050,PC.2300.050.099.F,"make-up and related , eye shadow NOC",1,Personal,I,Skin Makeup,NA,NA,1,1,1,364,0,3,0.3,0,0.03,1
PC.2300.060,#N/A,#N/A,0,Personal,,Skin Makeup,NA,NA,0.05,0.65,0,NA,NA,NA,NA,NA,NA,NA
PC.2300.060,PC.2300.060.099.F,"make-up and related , face powder NOC",1,Personal,I,Skin Makeup,NA,NA,1,1,1,364,0,3,0.3,0,2,1
PC.2300.070,#N/A,#N/A,0,Personal,,Skin Makeup,NA,NA,0.05,0.65,0,NA,NA,NA,NA,NA,NA,NA
PC.2300.070,PC.2300.070.099.F,"make-up and related , foundation/concealer NOC",1,Personal,I,Skin Makeup,NA,NA,1,1,1,364,0,5,0.3,0,2,1
PC.2300.080,#N/A,#N/A,0,Personal,,0,NA,NA,0.64,0.95,0.6,NA,NA,NA,NA,NA,NA,NA
PC.2300.080,PC.2300.080.099.F,"make-up and related , lip balm NOC",1,Personal,I,0,NA,NA,1,1,1,540,0,1,0.3,0,2,1
PC.2300.090,#N/A,#N/A,0,Personal,,0,NA,NA,0.64,0.95,0.1,NA,NA,NA,NA,NA,NA,NA
PC.2300.090,PC.2300.090.099.F,"make-up and related , lip color NOC",1,Personal,I,0,NA,NA,1,1,1,540,0,1,0.3,0,2,1
PC.2300.100,#N/A,#N/A,0,Personal,,0,NA,NA,0.64,0.95,0.1,NA,NA,NA,NA,NA,NA,NA
PC.2300.100,PC.2300.100.099.F,"make-up and related , lip gloss NOC",1,Personal,I,0,NA,NA,1,1,1,540,0,1,0.3,0,2,1
PC.2300.110,#N/A,#N/A,0,Personal,,Skin Makeup,NA,NA,0.64,0.95,0.1,NA,NA,NA,NA,NA,NA,NA
PC.2300.110,PC.2300.110.099.F,"make-up and related , lip liner NOC",1,Personal,I,Skin Makeup,NA,NA,1,1,1,540,0,1,0.3,0,2,1
PC.2300.120,#N/A,#N/A,0,Personal,,Skin Makeup,NA,NA,0.05,0.65,0,NA,NA,NA,NA,NA,NA,NA
PC.2300.120,PC.2300.120.099.F,"make-up and related , makeup primer NOC",1,Personal,I,Skin Makeup,NA,NA,1,1,1,364,0,5,0.3,0,2,1
PC.2300.130,#N/A,#N/A,0,Personal,,Skin Makeup,NA,NA,0.05,0.65,0,NA,NA,NA,NA,NA,NA,NA
PC.2300.130,PC.2300.130.099.F,"make-up and related , makeup remover NOC",1,Personal,I,Skin Makeup,NA,NA,1,1,1,364,0,5,0.3,0,2,1
PC.2300.140,#N/A,#N/A,0,Personal,,Skin Makeup,NA,NA,0.05,0.65,0,NA,NA,NA,NA,NA,NA,NA
PC.2300.140,PC.2300.140.099.F,"make-up and related , makeup set NOC",1,Personal,I,Skin Makeup,NA,NA,1,1,1,364,0,5,0.3,0,2,1
PC.2300.150,#N/A,#N/A,0,Personal,,Skin Makeup,NA,NA,0.01,0.79,0.02,NA,NA,NA,NA,NA,NA,NA
PC.2300.150,PC.2300.150.099.F,"make-up and related , mascara NOC",1,Personal,I,Skin Makeup,NA,NA,1,1,1,364,0,1,0.3,0,0.05,1
PC.2300.160,#N/A,#N/A,0,Personal,,0,NA,NA,0.3,0.6,0.05,NA,NA,NA,NA,NA,NA,NA
PC.2300.160,PC.2300.160.099.F,"make-up and related , toner NOC",1,Personal,I,0,NA,NA,1,1,1,204.4,0,10,0.3,0,2,1
PC.2400.010,#N/A,#N/A,0,Personal,,Nail Makeup,NA,NA,0.01,0.03,0,NA,NA,NA,NA,NA,NA,NA
PC.2400.010,PC.2400.010.099.F,"nails , nail adhesive NOC",1,Personal,I,Nail Makeup,NA,NA,1,1,1,12,0.3,5,0.3,15,2,1
PC.2400.020,#N/A,#N/A,0,Personal,,Nail Makeup,NA,NA,0,0.8,0.3,NA,NA,NA,NA,NA,NA,NA
PC.2400.020,PC.2400.020.099.F,"nails , nail polish NOC",1,Personal,I,Nail Makeup,NA,NA,1,1,1,58.4,0.3,5,0.3,10,2,1
PC.2400.030,#N/A,#N/A,0,Personal,,Nail Makeup,NA,NA,0,0.8,0.3,NA,NA,NA,NA,NA,NA,NA
PC.2400.030,PC.2400.030.099.F,"nails , nail polish remover NOC",1,Personal,I,Nail Makeup,NA,NA,1,1,1,50,0.3,5,0.3,0,5,1
PC.2400.040,#N/A,#N/A,0,Personal,,Nail Makeup,NA,NA,0,0.8,0.3,NA,NA,NA,NA,NA,NA,NA
PC.2400.040,PC.2400.040.050.F,"nails , other nail products spray",1,Personal,I,Nail Makeup,NA,NA,0.5,0.5,0.5,50,0.3,5,0.3,0,5,1
PC.2400.040,PC.2400.040.099.F,"nails , other nail products NOC",1,Personal,I,Nail Makeup,NA,NA,0.5,0.5,0.5,50,0.3,5,0.3,0,5,1
PC.2500.010,#N/A,#N/A,0,Personal,,Skin Makeup,NA,NA,0.02,0.2,0,NA,NA,NA,NA,NA,NA,NA
PC.2500.010,PC.2500.010.050.F,"self-tanner , self-tanner spray",1,Personal,I,Skin Makeup,NA,NA,0.5,0.5,0.5,12,0.3,20,0.3,0,5,1
PC.2500.010,PC.2500.010.099.F,"self-tanner , self-tanner NOC",1,Personal,I,Skin Makeup,NA,NA,0.5,0.5,0.5,12,0.3,20,0.3,0,5,1
PC.2600.010,#N/A,#N/A,0,Personal,,0,NA,NA,0.2,0.2,0,NA,NA,NA,NA,NA,NA,NA
PC.2600.010,PC.2600.010.099.F,"sexual wellness , sexual wellness NOC",1,Personal,I,0,NA,NA,1,1,1,52,0.3,10,0.3,0,10,1
PC.2700.040,#N/A,#N/A,0,Personal,,0,NA,NA,0.2,0,0,NA,NA,NA,NA,NA,NA,NA
PC.2700.040,PC.2700.040.099.F,"shaving and hair removal , aftershave  NOC",1,Personal,I,0,NA,NA,1,1,1,132,0.3,5,0.3,0,1.2,1
PC.2700.050,#N/A,#N/A,0,Communal,,0,0.03,NA,NA,NA,NA,NA,NA,NA,NA,NA,NA,NA
PC.2700.050,PC.2700.050.099.F,"shaving and hair removal , clipper lubricant/cleaner  NOC",1,Communal,I,0,NA,1,0.2,0.8,0,12,0.3,10,0.3,0,30,1
PC.2700.060,#N/A,#N/A,0,Personal,,0,NA,NA,0.1,0.2,0,NA,NA,NA,NA,NA,NA,NA
PC.2700.060,PC.2700.060.050.F,"shaving and hair removal , depilatory  spray",1,Personal,I,0,NA,NA,0.5,0.5,0.5,17,0.3,15,0.3,0,5.5,1
PC.2700.060,PC.2700.060.099.F,"shaving and hair removal , depilatory  NOC",1,Personal,I,0,NA,NA,0.5,0.5,0.5,17,0.3,15,0.3,0,5.5,1
PC.2700.070,#N/A,#N/A,0,Personal,,0,NA,NA,0.8,0.8,0.05,NA,NA,NA,NA,NA,NA,NA
PC.2700.070,PC.2700.070.051.F,"shaving and hair removal , shaving cream  gel",1,Personal,I,0,NA,NA,0.5,0.5,0.5,364,0,5,0.3,0,2,1
PC.2700.070,PC.2700.070.099.F,"shaving and hair removal , shaving cream  NOC",1,Personal,I,0,NA,NA,0.5,0.5,0.5,364,0,5,0.3,0,2,1
PC.2700.080,#N/A,#N/A,0,Personal,,0,NA,NA,0.02,0.2,0,NA,NA,NA,NA,NA,NA,NA
PC.2700.080,PC.2700.080.099.F,"shaving and hair removal , waxing  NOC",1,Personal,I,0,NA,NA,1,1,1,12,0.3,20,0.3,0,5,1
PC.2800.010,#N/A,#N/A,0,Personal,,Bathing,NA,NA,0.3,0.3,0.3,NA,NA,NA,NA,NA,NA,NA
PC.2800.010,PC.2800.010.099.F,"specialized bath products , bath oil  NOC",1,Personal,I,Bathing,NA,NA,1,1,1,50,0.3,20,0.3,0,25,1
PC.2800.020,#N/A,#N/A,0,Personal,,Bathing,NA,NA,0.3,0.3,0.3,NA,NA,NA,NA,NA,NA,NA
PC.2800.020,PC.2800.020.099.F,"specialized bath products , bath salts  NOC",1,Personal,I,Bathing,NA,NA,1,1,1,50,0.3,20,0.3,0,25,1
PC.2800.030,#N/A,#N/A,0,Personal,,Bathing,NA,NA,0.06,0.15,0.43,NA,NA,NA,NA,NA,NA,NA
PC.2800.030,PC.2800.030.099.F,"specialized bath products , bubble bath  NOC",1,Personal,I,Bathing,NA,NA,1,1,1,2.92,1,20,0.3,0,20,1
PC.2900.010,#N/A,#N/A,0,Personal,,0,NA,NA,0.88,0.88,1,NA,NA,NA,NA,NA,NA,NA
PC.2900.010,PC.2900.010.050.F,"sunscreen , sunscreen  spray",1,Personal,I,0,NA,NA,0.25,0.25,0.25,75,0.3,5,0.3,0,10,1
PC.2900.010,PC.2900.010.099.F,"sunscreen , sunscreen  NOC",1,Personal,I,0,NA,NA,0.25,0.25,0.25,75,0.3,5,0.3,0,10,1
PC.2900.010,PC.2900.010.001.F,"sunscreen , sunscreen  child",1,Personal,I,0,NA,NA,0.25,0.25,0.25,75,0.3,5,0.3,0,10,1
PC.2900.010,PC.2900.010.011.F,"sunscreen , sunscreen  child | spray",1,Personal,I,0,NA,NA,0.25,0.25,0.25,75,0.3,5,0.3,0,10,1
PE.0100.010,#N/A,#N/A,0,Communal,,Other Outdoor,0.01,NA,NA,NA,NA,NA,NA,NA,NA,NA,NA,NA
PE.0100.010,PE.0100.010.050.F,"animal repellent , animal repellent  spray",1,Communal,O,Other Outdoor,NA,0.5,0.8,0.2,0,12,0.3,10,0.6,0,200,1
PE.0100.010,PE.0100.010.099.F,"animal repellent , animal repellent  NOC",1,Communal,O,Other Outdoor,NA,0.5,0.8,0.2,0,12,0.3,10,0.6,0,200,1
PE.0200.010,#N/A,#N/A,0,Communal,,Other Outdoor,0.05,NA,NA,NA,NA,NA,NA,NA,NA,NA,NA,NA
PE.0200.010,PE.0200.010.050.F,"fungicide , fungicide  spray",1,Communal,O,Other Outdoor,NA,0.5,0.8,0.2,0,1,1,10,0.6,0,500,1
PE.0200.010,PE.0200.010.099.F,"fungicide , fungicide  NOC",1,Communal,O,Other Outdoor,NA,0.5,0.8,0.2,0,1,1,10,0.6,0,500,1
PE.0300.010,#N/A,#N/A,0,Personal,,,NA,NA,0.5,0.5,0.5,NA,NA,NA,NA,NA,NA,NA
PE.0300.010,PE.0300.010.050.F,"insect repellent , insect repellent  spray",1,Personal,O,0,NA,NA,0.5,0.5,0.5,48,0.3,5,0.6,0,1,1
PE.0300.010,PE.0300.010.099.F,"insect repellent , insect repellent  NOC",1,Personal,O,0,NA,NA,0.5,0.5,0.5,48,0.3,5,0.6,0,1,1
PE.0300.020,#N/A,#N/A,0,Communal,,0,0.5,NA,NA,NA,NA,NA,NA,NA,NA,NA,NA,NA
PE.0300.020,PE.0300.020.099.F,"insect repellent , insect repellent - exterior  NOC",1,Communal,O,0,NA,0.5,0.8,0.2,0,48,0.3,10,0.6,0,1,1
PE.0300.020,PE.0300.020.050.F,"insect repellent , insect repellent - exterior  spray",1,Communal,O,0,NA,0.5,0.8,0.2,0,48,0.3,10,0.6,0,1,1
PE.0300.030,#N/A,#N/A,0,Personal,,0,NA,NA,0.5,0.5,0.5,NA,NA,NA,NA,NA,NA,NA
PE.0300.030,PE.0300.030.099.F,"insect repellent , insect repellent - skin  NOC",1,Personal,O,0,NA,NA,0.5,0.5,0.5,48,0.3,5,0.6,0,1,1
PE.0300.030,PE.0300.030.050.F,"insect repellent , insect repellent - skin  spray",1,Personal,O,0,NA,NA,0.5,0.5,0.5,48,0.3,5,0.6,0,1,1
PE.0400.010,#N/A,#N/A,0,Communal,,Other Outdoor,0.9,NA,NA,NA,NA,NA,NA,NA,NA,NA,NA,NA
PE.0400.010,PE.0400.010.050.F,"insecticide , insecticide  spray",1,Communal,O,Other Outdoor,NA,0.5,0.8,0.2,0,27,0.3,5,0.6,0,20,1
PE.0400.010,PE.0400.010.099.F,"insecticide , insecticide  NOC",1,Communal,O,Other Outdoor,NA,0.5,0.8,0.2,0,27,0.3,5,0.6,0,20,1
PE.0400.020,#N/A,#N/A,0,Communal,,Other Outdoor,0.9,NA,NA,NA,NA,NA,NA,NA,NA,NA,NA,NA
PE.0400.020,PE.0400.020.099.F,"insecticide , insecticide - exterior  NOC",1,Communal,O,Other Outdoor,NA,0.5,0.8,0.2,0,10,1,10,0.6,0,500,1
PE.0400.020,PE.0400.020.050.F,"insecticide , insecticide - exterior  spray",1,Communal,O,Other Outdoor,NA,0.5,0.8,0.2,0,10,1,10,0.6,0,500,1
PE.0400.030,#N/A,#N/A,0,Communal,,0,0.9,NA,NA,NA,NA,NA,NA,NA,NA,NA,NA,NA
PE.0400.030,PE.0400.030.099.F,"insecticide , insecticide - interior  NOC",1,Communal,I,0,NA,0.5,0.2,0.8,0,27,0.3,5,0.6,0,50,1
PE.0400.030,PE.0400.030.050.F,"insecticide , insecticide - interior  spray",1,Communal,I,0,NA,0.5,0.2,0.8,0,27,0.3,5,0.6,0,50,1
PE.0500.010,#N/A,#N/A,0,Communal,,Other Outdoor,0.07,NA,NA,NA,NA,NA,NA,NA,NA,NA,NA,NA
PE.0500.010,PE.0500.010.099.F,"rodenticide , rodenticide  NOC",1,Communal,O,Other Outdoor,NA,1,0.8,0.2,0,2,1,5,0.6,0,20,1
PT.0100.060,#N/A,#N/A,0,Communal,,0,0.1,NA,NA,NA,NA,NA,NA,NA,NA,NA,NA,NA
PT.0100.060,PT.0100.060.050.F,"all pets , other pet treatments  spray",1,Communal,O,0,NA,0.5,0.8,0.2,0,12,0.3,5,0.6,0,50,1
PT.0100.060,PT.0100.060.099.F,"all pets , other pet treatments  NOC",1,Communal,O,0,NA,0.5,0.8,0.2,0,12,0.3,5,0.6,0,50,1
PT.0100.070,#N/A,#N/A,0,Communal,,0,0.4,NA,NA,NA,NA,NA,NA,NA,NA,NA,NA,NA
PT.0100.070,PT.0100.070.099.F,"all pets , pesticide - pet  NOC",1,Communal,I,0,NA,0.5,0.2,0.8,0,12,0.3,2,0.6,2,5,1
PT.0100.070,PT.0100.070.050.F,"all pets , pesticide - pet  spray",1,Communal,I,0,NA,0.5,0.2,0.8,0,12,0.3,2,0.6,2,5,1
PT.0100.080,#N/A,#N/A,0,Communal,,0,0.1,NA,NA,NA,NA,NA,NA,NA,NA,NA,NA,NA
PT.0100.080,PT.0100.080.099.F,"all pets , pet shampoo  NOC",1,Communal,I,0,NA,1,0.2,0.8,0,6,1,15,0.6,0,50,1
PT.0100.090,#N/A,#N/A,0,Communal,,0,0.8,NA,NA,NA,NA,NA,NA,NA,NA,NA,NA,NA
PT.0100.090,PT.0100.090.050.F,"all pets , pet stain cleaner  spray",1,Communal,I,0,NA,0.25,0.2,0.8,0,96,0.3,10,0.6,0,50,1
PT.0100.090,PT.0100.090.099.F,"all pets , pet stain cleaner  NOC",1,Communal,I,0,NA,0.25,0.2,0.8,0,96,0.3,10,0.6,0,50,1
PT.0200.010,#N/A,#N/A,0,Communal,,0,0.3,NA,NA,NA,NA,NA,NA,NA,NA,NA,NA,NA
PT.0200.010,PT.0200.010.099.F,"cats , cat litter  NOC",1,Communal,I,0,NA,1,0.2,0.8,0,104,0.3,5,0.6,5,8000,1
PT.0400.010,#N/A,#N/A,0,Communal,,0,0.02,NA,NA,NA,NA,NA,NA,NA,NA,NA,NA,NA
PT.0400.010,PT.0400.010.099.F,"fish , aquarium  NOC",1,Communal,O,0,NA,1,0.8,0.2,0,12,0.3,20,0.6,20,50,1
VE.0100.010,#N/A,#N/A,0,Communal,,0,0.1,NA,NA,NA,NA,NA,NA,NA,NA,NA,NA,NA
VE.0100.010,VE.0100.010.050.F,"auto body work , auto paint  spray",1,Communal,OO,0,NA,0.5,0.8,0.2,0,5,1,50,0.6,0,300,1
VE.0100.010,VE.0100.010.099.F,"auto body work , auto paint  NOC",1,Communal,OO,0,NA,0.5,0.8,0.2,0,5,1,50,0.6,0,300,1
VE.0100.020,#N/A,#N/A,0,Communal,,0,0.47,NA,NA,NA,NA,NA,NA,NA,NA,NA,NA,NA
VE.0100.020,VE.0100.020.050.F,"auto body work , body repair  spray",1,Communal,OO,0,NA,0.5,0.8,0.2,0,12,0.3,10,0.6,40,150,1
VE.0100.020,VE.0100.020.099.F,"auto body work , body repair  NOC",1,Communal,OO,0,NA,0.5,0.8,0.2,0,12,0.3,10,0.6,40,150,1
VE.0100.030,#N/A,#N/A,0,Communal,,Car Maintenance -2,0.16,NA,NA,NA,NA,NA,NA,NA,NA,NA,NA,NA
VE.0100.030,VE.0100.030.050.F,"auto body work , detailing  spray",1,Communal,OO,Car Maintenance -2,NA,0.5,0.8,0.2,0,11,1,10,0.6,0,90,1
VE.0100.030,VE.0100.030.099.F,"auto body work , detailing  NOC",1,Communal,OO,Car Maintenance -2,NA,0.5,0.8,0.2,0,11,1,10,0.6,0,90,1
VE.0100.040,#N/A,#N/A,0,Communal,,Car Maintenance -2,0.05,NA,NA,NA,NA,NA,NA,NA,NA,NA,NA,NA
VE.0100.040,VE.0100.040.050.F,"auto body work , windows/windshield  spray",1,Communal,OO,Car Maintenance -2,NA,0.5,0.8,0.2,0,5,1,10,0.6,10,100,1
VE.0100.040,VE.0100.040.099.F,"auto body work , windows/windshield  NOC",1,Communal,OO,Car Maintenance -2,NA,0.5,0.8,0.2,0,5,1,10,0.6,10,100,1
VE.0200.020,#N/A,#N/A,0,Communal,,0,0.01,NA,NA,NA,NA,NA,NA,NA,NA,NA,NA,NA
VE.0200.020,VE.0200.020.099.F,"boat care and maintenance , boat cleaner - general  NOC",1,Communal,O,0,NA,1,0.8,0.2,0,2,1,120,0.6,0,500,1
VE.0200.040,#N/A,#N/A,0,Communal,,0,0.01,NA,NA,NA,NA,NA,NA,NA,NA,NA,NA,NA
VE.0200.040,VE.0200.040.099.F,"boat care and maintenance , boat engine fluids  NOC",1,Communal,O,0,NA,1,0.8,0.2,0,2,1,10,0.6,30,50,1
VE.0300.010,#N/A,#N/A,0,Communal,,Car Maintenance -2,0.2,NA,NA,NA,NA,NA,NA,NA,NA,NA,NA,NA
VE.0300.010,VE.0300.010.050.F,"car interior , auto air freshener  spray",1,Communal,OO,Car Maintenance -2,NA,0.5,0.8,0.2,0,5,1,1,0.6,3,10,1
VE.0300.010,VE.0300.010.099.F,"car interior , auto air freshener  NOC",1,Communal,OO,Car Maintenance -2,NA,0.5,0.8,0.2,0,5,1,1,0.6,3,10,1
VE.0400.010,#N/A,#N/A,0,Communal,,Car Maintenance -2,0.47,NA,NA,NA,NA,NA,NA,NA,NA,NA,NA,NA
VE.0400.010,VE.0400.010.099.F,"car surface treatment , body cleaner  NOC",1,Communal,OO,Car Maintenance -2,NA,1,0.8,0.2,0,12,0.3,10,0.6,0,150,1
VE.0400.020,#N/A,#N/A,0,Communal,,Car Maintenance -2,0.47,NA,NA,NA,NA,NA,NA,NA,NA,NA,NA,NA
VE.0400.020,VE.0400.020.050.F,"car surface treatment , body wax  spray",1,Communal,OO,Car Maintenance -2,NA,0.5,0.8,0.2,0,12,0.3,10,0.6,0,150,1
VE.0400.020,VE.0400.020.099.F,"car surface treatment , body wax  NOC",1,Communal,OO,Car Maintenance -2,NA,0.5,0.8,0.2,0,12,0.3,10,0.6,0,150,1
VE.0400.040,#N/A,#N/A,0,Communal,,Car Maintenance -1,0.28,NA,NA,NA,NA,NA,NA,NA,NA,NA,NA,NA
VE.0400.040,VE.0400.040.050.F,"car surface treatment , degreaser  spray",1,Communal,OO,Car Maintenance -1,NA,0.5,0.8,0.2,0,15,0.3,10,0.6,0,100,1
VE.0400.040,VE.0400.040.099.F,"car surface treatment , degreaser  NOC",1,Communal,OO,Car Maintenance -1,NA,0.5,0.8,0.2,0,15,0.3,10,0.6,0,100,1
VE.0500.010,#N/A,#N/A,0,Communal,,Car Maintenance -1,0.03,NA,NA,NA,NA,NA,NA,NA,NA,NA,NA,NA
VE.0500.010,VE.0500.010.099.F,"engine maintenance , antifreeze  NOC",1,Communal,OO,Car Maintenance -1,NA,1,0.8,0.2,0,0.5,1,2,0.6,10,500,1
VE.0500.020,#N/A,#N/A,0,Communal,,Car Maintenance -1,0.05,NA,NA,NA,NA,NA,NA,NA,NA,NA,NA,NA
VE.0500.020,VE.0500.020.050.F,"engine maintenance , auto fluids and additives  spray",1,Communal,OO,Car Maintenance -1,NA,0.5,0.8,0.2,0,5,1,10,0.6,0,200,1
VE.0500.020,VE.0500.020.099.F,"engine maintenance , auto fluids and additives  NOC",1,Communal,OO,Car Maintenance -1,NA,0.5,0.8,0.2,0,5,1,10,0.6,0,200,1
VE.0500.030,#N/A,#N/A,0,Communal,,Car Maintenance -1,0.18,NA,NA,NA,NA,NA,NA,NA,NA,NA,NA,NA
VE.0500.030,VE.0500.030.050.F,"engine maintenance , auto lubricant  spray",1,Communal,OO,Car Maintenance -1,NA,0.5,0.8,0.2,0,11,1,10,0.6,0,50,1
VE.0500.030,VE.0500.030.099.F,"engine maintenance , auto lubricant  NOC",1,Communal,OO,Car Maintenance -1,NA,0.5,0.8,0.2,0,11,1,10,0.6,0,50,1
VE.0500.040,#N/A,#N/A,0,Communal,,Car Maintenance -1,0.01,NA,NA,NA,NA,NA,NA,NA,NA,NA,NA,NA
VE.0500.040,VE.0500.040.099.F,"engine maintenance , auto refrigerant  NOC",1,Communal,OO,Car Maintenance -1,NA,1,0.8,0.2,0,0.5,1,10,0.6,0,30,1
VE.0500.050,#N/A,#N/A,0,Communal,,Car Maintenance -1,0.25,NA,NA,NA,NA,NA,NA,NA,NA,NA,NA,NA
VE.0500.050,VE.0500.050.099.F,"engine maintenance , motor oil  NOC",1,Communal,OO,Car Maintenance -1,NA,1,0.8,0.2,0.5,4,1,10,0.6,0,500,1
PC.2000.090,PC.2000.090.099.F,"hair styling and care , hair conditioner NOC",1,Personal,I,Hair treatment,NA,NA,0.5,0.5,0.5,96,0.3,10,0.6,0,50,1
PC.2000.150,PC.2000.150.099.F,"hair styling and care , hair styling NOC",1,Personal,I,Hair treatment,NA,NA,0.33,0.33,0.33,96,0.3,10,0.6,0,50,1
